<?xml version="1.0" encoding="UTF-8"?>
<!DOCTYPE mapper
        PUBLIC "-//mybatis.org//DTD mapper 3.0//EN"
        "http://mybatis.org/dtd/mybatis-3-mapper.dtd">
<mapper namespace="com.coding.springboot_mybatis_29.mapper.AdminMapper">
    <select id="login" resultType="com.coding.springboot_mybatis_29.entity.Admin">
        select no, account, password from admin where account = #{account} and password = #{password}
    </select>

    <select id="selectDynamic" resultType="com.coding.springboot_mybatis_29.entity.Customer">
        select
        id,
        name,
        score,
        tel,
        sex
        from customer
        <where>
            <if test="id != null and id != 0">
                and id = #{id}
            </if>
            <if test="name != null and name != ''">
                and name like concat('%', #{name}, '%')
            </if>
            <if test="minScore != null and minScore != 0 and maxScore != null and maxScore != 0">
                and score between #{minScore} and #{maxScore}
            </if>
            <if test="tel != null and tel != ''">
                and tel like concat('%', #{tel}, '%')
            </if>
            <if test="sex != null and sex != ''">
                and sex = #{sex}
            </if>
        </where>
    </select>
</mapper>